{"cameraMode":{"drawMode":0,"name":"Shaded","section":"Shading Mode"},"sceneLighting":true,"audioPlay":false,"sceneViewState":{"m_AlwaysRefresh":false,"showFog":true,"showSkybox":true,"showFlares":true,"showImageEffects":true,"showParticleSystems":true,"showVisualEffectGraphs":true,"m_FxEnabled":true},"in2DMode":false,"pivot":{"x":-16.783878326416017,"y":-2.1405677795410158,"z":1.9683418273925782},"rotation":{"x":0.17124858498573304,"y":-0.4039936065673828,"z":0.07727746665477753,"w":0.8952631950378418},"size":26.171470642089845,"orthographic":false}