{"cameraMode":{"drawMode":0,"name":"Shaded","section":"Shading Mode"},"sceneLighting":false,"audioPlay":false,"sceneViewState":{"m_AlwaysRefresh":false,"showFog":true,"showSkybox":false,"showFlares":true,"showImageEffects":true,"showParticleSystems":true,"showVisualEffectGraphs":true,"m_FxEnabled":true},"in2DMode":false,"pivot":{"x":0.07884533703327179,"y":2.2140607833862306,"z":-0.2130172848701477},"rotation":{"x":0.003478801576420665,"y":-0.9963966608047485,"z":-0.06735909730195999,"w":-0.05146258324384689},"size":0.45972758531570437,"orthographic":false}