{"cameraMode":{"drawMode":0,"name":"Shaded","section":"Shading Mode"},"sceneLighting":false,"audioPlay":false,"sceneViewState":{"m_AlwaysRefresh":false,"showFog":true,"showSkybox":false,"showFlares":true,"showImageEffects":true,"showParticleSystems":true,"showVisualEffectGraphs":true,"m_FxEnabled":true},"in2DMode":false,"pivot":{"x":1.2293059825897217,"y":1.150486707687378,"z":0.01452791690826416},"rotation":{"x":-0.06666913628578186,"y":-0.8514878749847412,"z":-0.11175450682640076,"w":0.5079758167266846},"size":0.4934900403022766,"orthographic":false}